/*
 Navicat Premium Data Transfer

 Source Server         : localhost
 Source Server Type    : MySQL
 Source Server Version : 50631
 Source Host           : 127.0.0.1
 Source Database       : socialfeed

 Target Server Type    : MySQL
 Target Server Version : 50631
 File Encoding         : utf-8

 Date: 11/19/2016 18:54:07 PM
*/

SET NAMES utf8;
SET FOREIGN_KEY_CHECKS = 0;

-- ----------------------------
--  Table structure for `feed_messages`
-- ----------------------------
DROP TABLE IF EXISTS `feed_messages`;
CREATE TABLE `feed_messages` (
  `id` int(10) unsigned NOT NULL AUTO_INCREMENT,
  `feed_user_id` int(10) unsigned NOT NULL,
  `message` varchar(255) COLLATE utf8_unicode_ci NOT NULL,
  `created_at` timestamp NULL DEFAULT NULL,
  `updated_at` timestamp NULL DEFAULT NULL,
  PRIMARY KEY (`id`),
  KEY `feed_messages_feed_user_id_foreign` (`feed_user_id`),
  CONSTRAINT `feed_messages_feed_user_id_foreign` FOREIGN KEY (`feed_user_id`) REFERENCES `feed_users` (`id`) ON DELETE CASCADE
) ENGINE=InnoDB AUTO_INCREMENT=124 DEFAULT CHARSET=utf8 COLLATE=utf8_unicode_ci;

-- ----------------------------
--  Records of `feed_messages`
-- ----------------------------
BEGIN;
INSERT INTO `feed_messages` VALUES ('1', '1', 'Et reprehenderit quia tempora est laudantium. Consectetur nesciunt consequatur distinctio et quaerat quis adipisci. Omnis sunt fuga nisi.', '2016-11-17 18:53:20', '2016-11-17 18:53:20'), ('2', '1', 'Quos voluptates consequatur est est dolorem aspernatur. Soluta et rerum ut cumque. Ad est velit sit atque.', '2016-11-17 18:54:20', '2016-11-17 18:54:20'), ('3', '1', 'Quo fugit id qui est. Fugit quidem sunt explicabo sit illum laboriosam laborum eaque. Eaque iusto nobis sed assumenda dolores est nam.', '2016-11-17 18:55:20', '2016-11-17 18:55:20'), ('4', '1', 'Enim distinctio repudiandae voluptatibus dolor. Autem esse animi illum eos sed velit nemo. Delectus nam eos optio blanditiis aliquid pariatur. Voluptas ab est suscipit adipisci cum quaerat.', '2016-11-17 18:56:20', '2016-11-17 18:56:20'), ('5', '1', 'Deleniti saepe molestiae voluptates nesciunt. Possimus et assumenda ipsum. Adipisci facere neque autem harum.', '2016-11-17 18:57:20', '2016-11-17 18:57:20'), ('6', '1', 'Eum eligendi quis dolorem. Accusamus in suscipit aliquid nemo deserunt excepturi in. Repellat occaecati sint autem quae perferendis modi. Illo est vitae quibusdam.', '2016-11-17 18:58:20', '2016-11-17 18:58:20'), ('7', '1', 'Nulla velit est alias est animi corporis. Et aut et sed sequi eligendi ex placeat. Ratione ipsam tenetur omnis aut saepe inventore voluptas. Ut perspiciatis et omnis distinctio.', '2016-11-17 18:59:20', '2016-11-17 18:59:20'), ('8', '1', 'Commodi id officia sed molestias ad dolores exercitationem. Nemo optio cumque quia dolores commodi.', '2016-11-17 19:00:20', '2016-11-17 19:00:20'), ('9', '1', 'Sapiente repellat quisquam sint officia. Illo est dolores ratione incidunt necessitatibus tempore. Magni optio facere voluptas ea itaque sint.', '2016-11-17 19:01:20', '2016-11-17 19:01:20'), ('10', '1', 'Aut et repudiandae ipsum in et rerum dolor. Quam qui commodi est rerum nisi placeat nesciunt. Consequatur sint nihil vitae debitis occaecati iusto eum.', '2016-11-17 19:02:20', '2016-11-17 19:02:20'), ('11', '1', 'Labore rerum exercitationem saepe numquam. Asperiores cumque ex quo labore ab accusamus quia sunt. Qui quasi totam quidem eveniet nam.', '2016-11-17 19:03:20', '2016-11-17 19:03:20'), ('12', '1', 'Qui ut autem debitis consectetur nihil. Eum molestiae et enim quibusdam et adipisci corporis.', '2016-11-17 19:04:20', '2016-11-17 19:04:20'), ('13', '1', 'Et in blanditiis consequatur eius numquam. Asperiores et voluptatem quia minus. Soluta non dolore ad maxime in blanditiis modi. Cumque quia consequatur esse minima sunt. Consequatur quo dolor totam.', '2016-11-17 19:05:20', '2016-11-17 19:05:20'), ('14', '1', 'Assumenda saepe sapiente quae beatae quas. Ad porro illo est recusandae et neque. Totam at eum adipisci eveniet praesentium. Sint eum sed enim itaque qui consequuntur nemo.', '2016-11-17 19:06:20', '2016-11-17 19:06:20'), ('15', '1', 'Qui libero eum dolores non sint officiis. Aut deleniti consequatur repudiandae omnis eligendi. Assumenda quisquam sit voluptate consectetur velit perspiciatis.', '2016-11-17 19:07:20', '2016-11-17 19:07:20'), ('16', '1', 'Delectus quidem provident ipsum reprehenderit sapiente. Necessitatibus iure corrupti eius dolorem voluptatem. Blanditiis facere dolores qui deleniti voluptatum. Velit facilis quis odit.', '2016-11-17 19:08:20', '2016-11-17 19:08:20'), ('17', '1', 'Tempore magni sit aut iure ea aliquam ut natus. Fuga et officia omnis commodi sit. Est laborum ipsam et et aut.', '2016-11-17 19:09:20', '2016-11-17 19:09:20'), ('18', '1', 'Aut laudantium assumenda vel odio ex. Animi deleniti impedit quisquam corrupti laborum rerum cupiditate omnis. Libero quis atque aliquid porro. Veniam atque alias sit voluptatum.', '2016-11-17 19:10:20', '2016-11-17 19:10:20'), ('19', '1', 'Iure et dolorem omnis odit beatae saepe. Minus porro quas facilis assumenda voluptatem vel optio. Molestias qui adipisci ut vel ipsum aliquam laboriosam. Culpa repudiandae qui vel repellat fugiat.', '2016-11-17 19:11:20', '2016-11-17 19:11:20'), ('20', '1', 'Id quibusdam dolor autem sit possimus quis. Exercitationem qui ea id a quia sit quas blanditiis. Velit qui eos officia et a molestias. Qui ratione vero molestiae cumque ad impedit.', '2016-11-17 19:12:20', '2016-11-17 19:12:20'), ('21', '1', 'Autem officiis explicabo assumenda sed. Repudiandae iste est ut quis qui recusandae autem. Aut qui enim sed rerum. Aut quia voluptatibus veritatis.', '2016-11-17 19:13:20', '2016-11-17 19:13:20'), ('22', '1', 'Asperiores dicta vel et. Voluptas ut incidunt similique sint aut. Facilis molestiae amet ut. Et dolorum impedit similique consequuntur asperiores voluptates deserunt maxime.', '2016-11-17 19:14:20', '2016-11-17 19:14:20'), ('23', '1', 'Qui enim enim aliquid animi quia. Aut architecto voluptatem occaecati minima quia. Inventore temporibus qui aliquam illo molestiae.', '2016-11-17 19:15:20', '2016-11-17 19:15:20'), ('24', '1', 'Enim quo fugit eligendi hic quo. Quasi libero minima sed eos. Iusto consequatur nisi vel qui rem quaerat qui.', '2016-11-17 19:16:20', '2016-11-17 19:16:20'), ('25', '1', 'Est cumque non sed odio. Provident voluptates sunt veniam esse ut. Consequatur voluptates quo in saepe blanditiis asperiores.', '2016-11-17 19:17:20', '2016-11-17 19:17:20'), ('26', '1', 'Velit sit voluptas ea error quaerat. Est quae veritatis quaerat earum ut dolorum. Laudantium esse quis nobis officia commodi eaque. Natus sit qui adipisci ab.', '2016-11-17 19:18:20', '2016-11-17 19:18:20'), ('27', '1', 'Consequatur corporis fugiat officia dolores maiores nobis dolores. Consequatur ut dolore in et consequuntur quia in. Sed sed sit aliquid molestiae.', '2016-11-17 19:19:20', '2016-11-17 19:19:20'), ('28', '1', 'Nulla doloremque sit qui similique natus odit omnis natus. Inventore ratione magni nihil ut voluptatum rerum maxime. Sed sequi ut esse blanditiis totam voluptas.', '2016-11-17 19:20:20', '2016-11-17 19:20:20'), ('29', '1', 'Natus dignissimos excepturi assumenda voluptatem magnam quod molestiae. Minus et ab velit qui. Unde fugit quod asperiores nihil voluptas optio suscipit.', '2016-11-17 19:21:20', '2016-11-17 19:21:20'), ('30', '1', 'Et error cum odio excepturi nesciunt. Quae quis non laborum magnam. Nam facilis et quos aut id quasi error. Sunt exercitationem est nihil non vel ullam.', '2016-11-17 19:22:20', '2016-11-17 19:22:20'), ('31', '2', 'Quos doloribus dolor ut. Consectetur tempora architecto sapiente a. Voluptas distinctio consectetur sapiente iste.', '2016-11-17 19:23:20', '2016-11-17 19:23:20'), ('32', '2', 'Rerum beatae accusantium rerum nesciunt. Dolorum quidem et iure eos voluptatem. Dolores illo nam sunt dolor aut inventore minus. Impedit enim id aut sed. Ex voluptas qui laudantium dicta ut et.', '2016-11-17 19:24:20', '2016-11-17 19:24:20'), ('33', '2', 'Illo nemo a quia adipisci distinctio illo est. Culpa facilis veniam nisi reiciendis ex ipsa.', '2016-11-17 19:25:20', '2016-11-17 19:25:20'), ('34', '2', 'Dolor dolorem voluptatem sit ut quia consequatur nisi. Dolorum voluptatem in veritatis est ea. Vero rerum deserunt iste suscipit eius. Deleniti aliquid qui unde quia.', '2016-11-17 19:26:20', '2016-11-17 19:26:20'), ('35', '2', 'Ut minima et sint est et voluptatem. Vel perferendis ab inventore ut voluptas. Eos blanditiis recusandae ut dignissimos dolores sit dolor. Eius cum dolorem dolores illum sunt deleniti.', '2016-11-17 19:27:20', '2016-11-17 19:27:20'), ('36', '2', 'Quaerat aperiam earum voluptas et et. Odio assumenda rerum magnam illo. Vero voluptates aut velit esse ut harum aliquid.', '2016-11-17 19:28:20', '2016-11-17 19:28:20'), ('37', '2', 'Modi enim sit molestiae molestiae. Porro quo soluta voluptas ut quas ullam. Qui aut et officia dolor amet. Vel eveniet voluptatem vero culpa odio.', '2016-11-17 19:29:20', '2016-11-17 19:29:20'), ('38', '2', 'Libero quod et illo sequi. Sunt nesciunt at pariatur officia. Repellat ut ea distinctio ex explicabo qui odio. Eveniet pariatur laudantium doloribus itaque.', '2016-11-17 19:30:20', '2016-11-17 19:30:20'), ('39', '2', 'Quam sint molestiae est qui. Voluptatem deserunt totam maiores natus. Aut pariatur dolor ut adipisci cum. Enim dolor incidunt nesciunt deleniti quod.', '2016-11-17 19:31:20', '2016-11-17 19:31:20'), ('40', '2', 'Possimus totam ut et laudantium nobis id aut. Nihil libero libero occaecati dolores velit ut. Delectus enim in est. Est assumenda sit quas voluptatum.', '2016-11-17 19:32:20', '2016-11-17 19:32:20'), ('41', '2', 'Nesciunt dolor est reprehenderit sequi. Rerum et occaecati quidem facere odit at. Quia eum qui asperiores. Provident veniam ut iusto nemo repellat ea.', '2016-11-17 19:33:20', '2016-11-17 19:33:20'), ('42', '2', 'Deleniti et aut facilis aliquid iste excepturi quia fugit. Sit ipsum quis veritatis eligendi quis.', '2016-11-17 19:34:20', '2016-11-17 19:34:20'), ('43', '2', 'Recusandae corrupti magnam tempore nemo dolorem. Voluptatem qui nulla quas expedita iusto reiciendis. Eligendi distinctio dolorem quod atque laudantium harum.', '2016-11-17 19:35:20', '2016-11-17 19:35:20'), ('44', '2', 'Ut suscipit et omnis rerum. Est quibusdam et non rerum veniam eum est. Beatae et quidem est voluptatem ducimus.', '2016-11-17 19:36:20', '2016-11-17 19:36:20'), ('45', '2', 'Ducimus aut velit sunt deserunt. Et voluptatem veniam animi sapiente sapiente. Vel dolore voluptas ipsa sit dignissimos recusandae enim.', '2016-11-17 19:37:20', '2016-11-17 19:37:20'), ('46', '2', 'Quod sint sunt blanditiis et rem. Debitis ipsa fuga perspiciatis quod qui dolores. Non qui non animi a et commodi consequuntur ipsa. Et est mollitia quis qui ullam.', '2016-11-17 19:38:20', '2016-11-17 19:38:20'), ('47', '2', 'Quis et voluptas libero minima tempora repellat officia. Impedit qui quas voluptates est nobis possimus dolor. Expedita deserunt beatae quo tenetur deleniti autem.', '2016-11-17 19:39:20', '2016-11-17 19:39:20'), ('48', '2', 'A labore enim nihil laboriosam. Assumenda aut iste inventore tempore. Velit eaque sapiente ad explicabo adipisci.', '2016-11-17 19:40:20', '2016-11-17 19:40:20'), ('49', '2', 'Velit est tenetur autem a iusto reiciendis pariatur. Molestiae iusto quam exercitationem et quia et qui.', '2016-11-17 19:41:20', '2016-11-17 19:41:20'), ('50', '2', 'Aut ut ut et est incidunt facilis consequatur. Eaque minima rerum est doloribus tempore error sit quis. Vel quasi quis fugiat sit aliquam porro accusantium sunt.', '2016-11-17 19:42:20', '2016-11-17 19:42:20'), ('51', '2', 'Occaecati id tempora quo. Quos enim officiis minus suscipit vitae. Amet sint iure omnis provident tempore et non. Voluptatum ratione aut minima eum.', '2016-11-17 19:43:20', '2016-11-17 19:43:20'), ('52', '2', 'Dolorem non aut recusandae aut. Dolorem voluptatum error magni delectus et dignissimos excepturi. Optio et culpa sed accusantium reprehenderit veniam ut.', '2016-11-17 19:44:20', '2016-11-17 19:44:20'), ('53', '2', 'Ut qui earum voluptas ratione tempore quaerat quo. Et qui alias rerum qui dolorum debitis.', '2016-11-17 19:45:20', '2016-11-17 19:45:20'), ('54', '2', 'Sunt amet cum qui quas id pariatur enim. Soluta ut velit et dignissimos harum itaque ullam. Ut inventore veniam molestias ipsa architecto officiis a non. Et ut voluptatibus accusamus alias.', '2016-11-17 19:46:20', '2016-11-17 19:46:20'), ('55', '2', 'Neque quis autem voluptatem aut. At eius temporibus et labore.\nLaboriosam libero et qui placeat dicta. Laborum ab ratione modi totam doloribus quod. Error alias dolorem ipsa dolor.', '2016-11-17 19:47:20', '2016-11-17 19:47:20'), ('56', '2', 'Fuga earum enim fugiat optio. Placeat mollitia quia aliquid provident. Sed dignissimos itaque deserunt ipsum ex quia. Necessitatibus dolorem velit voluptates quia id facere inventore.', '2016-11-17 19:48:20', '2016-11-17 19:48:20'), ('57', '2', 'Non a facilis placeat tempora facere id aut. Voluptatem ex qui sit esse autem sed. Optio et a et sit vero assumenda neque pariatur. Mollitia velit libero ullam dolorum sed beatae voluptas.', '2016-11-17 19:49:20', '2016-11-17 19:49:20'), ('58', '2', 'At debitis officiis corrupti rem at. Porro voluptas facilis velit ipsa et.\nAut pariatur corrupti iste aliquam. Nesciunt in at non fugit est.', '2016-11-17 19:50:20', '2016-11-17 19:50:20'), ('59', '2', 'Et ea magni tenetur cupiditate quas cum. Laboriosam et est tempore beatae ab eos unde. Nulla sed odit iure sit eius est. Ut rerum porro fuga iste quis aut consectetur.', '2016-11-17 19:51:20', '2016-11-17 19:51:20'), ('60', '2', 'Praesentium et veniam architecto quibusdam. Nobis iusto aut nobis eligendi libero earum qui. Consequuntur accusamus quod et molestias nostrum est exercitationem enim.', '2016-11-17 19:52:20', '2016-11-17 19:52:20'), ('61', '3', 'Est dolorem eligendi eaque qui. Neque in et non dolor similique sint dolorum minus. Enim atque nostrum veritatis similique.', '2016-11-17 19:53:20', '2016-11-17 19:53:20'), ('62', '3', 'Natus esse dolorem consequuntur autem. Repellat a similique est accusantium dolorem quae. Quo nulla similique voluptates.', '2016-11-17 19:54:20', '2016-11-17 19:54:20'), ('63', '3', 'Dolores saepe sit vero sit magni. Aut est id aut voluptatum ut. Odit aliquam quidem unde possimus. Qui enim porro voluptatem ipsa.', '2016-11-17 19:55:20', '2016-11-17 19:55:20'), ('64', '3', 'Quaerat magni ad omnis et facere tempore quia perspiciatis. Quia est odio aut necessitatibus. Officiis laboriosam magnam consequuntur aut sit ut.', '2016-11-17 19:56:20', '2016-11-17 19:56:20'), ('65', '3', 'Eligendi maxime veniam minus sunt repellendus sunt. Et asperiores consequatur reiciendis. Est sapiente tenetur qui provident. Animi dolores rerum consequuntur nam. Deleniti cum quo architecto ex eum.', '2016-11-17 19:57:20', '2016-11-17 19:57:20'), ('66', '3', 'Et eaque molestias quibusdam. Et quia rerum dolor deserunt quod. In consequuntur magnam esse illo aliquam. Est perspiciatis quis ut debitis nam praesentium.', '2016-11-17 19:58:20', '2016-11-17 19:58:20'), ('67', '3', 'Dignissimos iure quis culpa. Rerum est dolores rerum corrupti inventore facilis. Sunt voluptate ullam minima nemo perferendis dolor nisi.', '2016-11-17 19:59:20', '2016-11-17 19:59:20'), ('68', '3', 'Omnis laboriosam voluptas voluptas reprehenderit tempore a magnam sapiente. Commodi temporibus eius iure ex illo non. Corrupti sapiente ex nesciunt ut quidem illo adipisci.', '2016-11-17 20:00:20', '2016-11-17 20:00:20'), ('69', '3', 'Est nulla eum odio ab dolor laborum. Tempore tempore at ea quas repellat. Sint quis ipsa soluta dignissimos provident suscipit.', '2016-11-17 20:01:20', '2016-11-17 20:01:20'), ('70', '3', 'Quo vel doloribus autem rerum omnis perferendis et. Ut explicabo ex consequatur est. Labore odio consectetur quo.', '2016-11-17 20:02:20', '2016-11-17 20:02:20'), ('71', '3', 'Culpa vitae sit est necessitatibus. Unde est rerum est expedita quod mollitia. Incidunt rerum accusamus dolores illum laborum est. Qui consequuntur distinctio voluptatem accusamus quam.', '2016-11-17 20:03:20', '2016-11-17 20:03:20'), ('72', '3', 'Qui excepturi tempora placeat. Quisquam cum voluptatem cum in et. Qui quod repellendus magnam maxime dolor aut odit aut.', '2016-11-17 20:04:20', '2016-11-17 20:04:20'), ('73', '3', 'Qui et illo corporis amet reiciendis blanditiis quos. Perspiciatis maxime hic minus expedita voluptas voluptas impedit non.', '2016-11-17 20:05:20', '2016-11-17 20:05:20'), ('74', '3', 'Nihil nihil magni vel dolores. Facilis quo beatae exercitationem hic ratione accusantium. Quos aut ad deserunt unde fuga tempora. Nostrum quibusdam dolorem assumenda.', '2016-11-17 20:06:20', '2016-11-17 20:06:20'), ('75', '3', 'Est minima et quam reiciendis odio placeat sunt. Sit voluptas veniam deleniti omnis ut error. Aperiam doloribus est non quis vitae magni ut.', '2016-11-17 20:07:20', '2016-11-17 20:07:20'), ('76', '3', 'Ab sunt ad qui magnam architecto expedita. Qui qui neque eum qui aspernatur est. Officiis tenetur porro temporibus.', '2016-11-17 20:08:20', '2016-11-17 20:08:20'), ('77', '3', 'Doloremque consequatur incidunt eos amet. Est molestias culpa ut perspiciatis. Repellat labore et sed voluptas voluptatem possimus. Atque autem id ratione quas incidunt laboriosam reiciendis.', '2016-11-17 20:09:20', '2016-11-17 20:09:20'), ('78', '3', 'Cum enim accusamus quia quia. Ex aut doloribus iure minima. Omnis saepe facilis eligendi officiis iusto.', '2016-11-17 20:10:20', '2016-11-17 20:10:20'), ('79', '3', 'Ab dolorum quidem atque deleniti beatae dolor voluptates. Sit vitae voluptatem mollitia sint et sint. Consequatur sed ut explicabo nesciunt amet doloremque. Qui fuga nulla qui qui vero.', '2016-11-17 20:11:20', '2016-11-17 20:11:20'), ('80', '3', 'Saepe dolores debitis ratione nulla. Autem dolorum accusamus animi quidem. Tempore soluta ratione amet qui aut eum a. Consectetur saepe aut nihil cum laborum.', '2016-11-17 20:12:20', '2016-11-17 20:12:20'), ('81', '3', 'Dolorum qui reprehenderit doloremque eveniet non molestiae consectetur omnis. Molestiae itaque in culpa libero eum fuga. Consequatur rem et ad ea illum aut doloribus.', '2016-11-17 20:13:20', '2016-11-17 20:13:20'), ('82', '3', 'Harum earum ut harum quod voluptas natus earum. Corrupti ea necessitatibus facere. Odit odit ut et molestiae. Sit autem magni eveniet sint aut omnis quis distinctio.', '2016-11-17 20:14:20', '2016-11-17 20:14:20'), ('83', '3', 'Ut inventore blanditiis neque non eos dolor consequatur. Est ab laborum a. Aut minus et minus quam magnam sed omnis. In sunt eveniet odio quos reprehenderit ut beatae ut. Ab aut odio in enim alias.', '2016-11-17 20:15:20', '2016-11-17 20:15:20'), ('84', '3', 'Repellat omnis reprehenderit vel minus facere dignissimos recusandae. Unde illo ullam ratione fugiat quas.', '2016-11-17 20:16:20', '2016-11-17 20:16:20'), ('85', '3', 'Cum doloribus quod doloremque nisi quasi ut quod sint. Aut consectetur dolor dolores veritatis. Consequatur dolore velit quod placeat est.', '2016-11-17 20:17:20', '2016-11-17 20:17:20'), ('86', '3', 'Voluptas inventore expedita harum est. Rerum sint ex enim sunt consequatur ipsum repudiandae. Incidunt beatae et et sit porro harum corrupti.', '2016-11-17 20:18:20', '2016-11-17 20:18:20'), ('87', '3', 'Tempore alias exercitationem aspernatur expedita optio. Error ratione non eaque nihil. Et nam impedit vero distinctio aliquid. Nostrum hic molestiae non at assumenda cumque.', '2016-11-17 20:19:20', '2016-11-17 20:19:20'), ('88', '3', 'Laudantium sequi quis excepturi quis aliquam vero incidunt. Officiis quos ut dolorum iure a dolor. Omnis et culpa repudiandae quidem consectetur dignissimos. Qui sed et dolor voluptatum repellat aut.', '2016-11-17 20:20:20', '2016-11-17 20:20:20'), ('89', '3', 'Error reprehenderit qui quibusdam laudantium iste. Laboriosam explicabo autem ex et. Fuga doloremque culpa consequatur quod ducimus. Sed facere quis repudiandae fugit.', '2016-11-17 20:21:20', '2016-11-17 20:21:20'), ('90', '3', 'Culpa sed et doloribus enim. Deleniti exercitationem commodi rem a neque delectus neque.\nAb quis adipisci aut qui voluptatem est optio. Omnis aut in veritatis qui quos. Rerum ipsam ut eaque ea.', '2016-11-17 20:22:20', '2016-11-17 20:22:20'), ('91', '4', 'Consequuntur delectus dolorum saepe quia. Architecto perspiciatis et non odio qui aperiam sint. Eum aliquam et atque aliquam veniam omnis. Quidem dignissimos tempore ut officiis.', '2016-11-17 20:23:20', '2016-11-17 20:23:20'), ('92', '4', 'Et pariatur nemo totam quia. Omnis et aut rerum eos. Repudiandae rerum voluptatum saepe dolor quisquam voluptas magni.', '2016-11-17 20:24:20', '2016-11-17 20:24:20'), ('93', '4', 'Voluptatibus et expedita in fuga. Qui perferendis quaerat excepturi dolorem quo. Illum amet sed dolores optio voluptas voluptas aliquid.', '2016-11-17 20:25:20', '2016-11-17 20:25:20'), ('94', '4', 'Natus fugiat repudiandae facere quia vero autem vel. Ipsa quibusdam ea eum minima in culpa. Est non veritatis quas explicabo. Libero nobis quas est reprehenderit.', '2016-11-17 20:26:20', '2016-11-17 20:26:20'), ('95', '4', 'Veniam minima sunt quia est. At ut asperiores voluptas. Aspernatur ut et sed.', '2016-11-17 20:27:20', '2016-11-17 20:27:20'), ('96', '4', 'Eveniet impedit molestiae quia nesciunt sit. Vel et unde porro et. Et fugit et ut distinctio quas. Sed commodi possimus quod qui vel.', '2016-11-17 20:28:20', '2016-11-17 20:28:20'), ('97', '4', 'Possimus omnis laudantium aut voluptate aliquid aliquam. Sit magni quia hic eos quam enim ipsum. Nostrum et doloremque ea omnis.', '2016-11-17 20:29:20', '2016-11-17 20:29:20'), ('98', '4', 'Nesciunt amet dolores in. Natus optio tempore et et aut consequatur beatae. Qui at optio corrupti dolorem. Est neque non omnis cupiditate id recusandae.', '2016-11-17 20:30:20', '2016-11-17 20:30:20'), ('99', '4', 'Ipsa ducimus in blanditiis amet itaque iusto. Rem non facere omnis recusandae aut cum dignissimos molestias. Occaecati sunt deserunt et voluptas dicta recusandae rerum sit.', '2016-11-17 20:31:20', '2016-11-17 20:31:20'), ('100', '4', 'Non omnis laboriosam beatae consequatur amet suscipit. Sunt voluptas quo atque sint repellat. Pariatur impedit maiores itaque cum aut sapiente.', '2016-11-17 20:32:20', '2016-11-17 20:32:20'), ('101', '4', 'Voluptatum alias quod culpa nisi voluptate illum. Accusamus autem iusto enim totam. Quisquam consequatur nostrum veniam ut veniam.', '2016-11-17 20:33:20', '2016-11-17 20:33:20'), ('102', '4', 'Neque cum laudantium sit est est. Nisi beatae qui quas non eligendi. Placeat minima dolorem amet non.', '2016-11-17 20:34:20', '2016-11-17 20:34:20'), ('103', '4', 'Soluta aliquid iste repellat est vel quis expedita. Quisquam perspiciatis eum illo qui consequatur. Quod et quia mollitia possimus. Dolores voluptatem consequatur in corrupti quam sunt.', '2016-11-17 20:35:20', '2016-11-17 20:35:20'), ('104', '4', 'Aut ratione est et doloremque. Mollitia saepe temporibus voluptatem molestias sed sed aut. Voluptatem qui quisquam et tempora omnis.', '2016-11-17 20:36:20', '2016-11-17 20:36:20'), ('105', '4', 'Iste ullam sunt provident quis et rerum quia. Aut porro rerum dolorum sit. Dolorem aut non qui iste praesentium atque aperiam rem.', '2016-11-17 20:37:20', '2016-11-17 20:37:20'), ('106', '4', 'Voluptatem laudantium qui est non maxime architecto maxime. Est voluptatem non enim. Temporibus quaerat rerum commodi.', '2016-11-17 20:38:20', '2016-11-17 20:38:20'), ('107', '4', 'Accusantium placeat possimus eveniet magnam quibusdam minus. Voluptatem a dolores eligendi non facilis doloribus alias. Laboriosam impedit praesentium ad autem saepe eum expedita.', '2016-11-17 20:39:20', '2016-11-17 20:39:20'), ('108', '4', 'Deleniti dolores sed delectus sed nobis non voluptas. Cupiditate voluptatibus vero repellendus nostrum unde occaecati qui. Rerum nihil mollitia ex nemo impedit aut expedita.', '2016-11-17 20:40:20', '2016-11-17 20:40:20'), ('109', '4', 'Quia aliquam vel amet quod velit eos voluptatibus. Atque voluptas sunt aut labore vel non est pariatur. Et molestiae repellendus quia temporibus.', '2016-11-17 20:41:20', '2016-11-17 20:41:20'), ('110', '4', 'Itaque et nostrum ea eos error ut. Tenetur rem accusantium pariatur sequi magnam. Adipisci at dolores accusantium ea nesciunt dolore molestiae.', '2016-11-17 20:42:20', '2016-11-17 20:42:20'), ('111', '4', 'Ab sequi animi quibusdam rem facere ea. Minima id quibusdam in repudiandae et non provident. Dolorem voluptas aut et. Quaerat sed harum porro quia recusandae totam rerum sint.', '2016-11-17 20:43:20', '2016-11-17 20:43:20'), ('112', '4', 'Enim soluta rerum repudiandae quaerat velit placeat vel. Magni ut qui quod ullam. Magnam harum molestias esse autem. Quaerat et qui esse at.', '2016-11-17 20:44:20', '2016-11-17 20:44:20'), ('113', '4', 'Quo aliquid amet sequi et. Ducimus modi qui labore occaecati veniam.', '2016-11-17 20:45:20', '2016-11-17 20:45:20'), ('114', '4', 'Sunt debitis sequi non delectus aperiam id rerum. Sit similique nulla quod necessitatibus sed. Neque ut asperiores labore praesentium nihil ad dignissimos.', '2016-11-17 20:46:20', '2016-11-17 20:46:20'), ('115', '4', 'Suscipit delectus omnis qui ut. Sed impedit blanditiis cum ratione. Quia eos ab vel cum et omnis doloribus.', '2016-11-17 20:47:20', '2016-11-17 20:47:20'), ('116', '4', 'Officia nam inventore quis suscipit labore aut soluta. Et ab nemo eum omnis ipsum. Animi accusantium rerum sit velit aut voluptatum dolorum.', '2016-11-17 20:48:20', '2016-11-17 20:48:20'), ('117', '4', 'Sit maiores consequuntur quod iusto veniam. Quos doloremque ut tempore ut quo vitae commodi dolorem. Delectus id illo illum soluta esse.', '2016-11-17 20:49:20', '2016-11-17 20:49:20'), ('118', '4', 'Maiores qui aperiam est nobis commodi sequi. Corporis incidunt vel tenetur dolorem eum. Ut ut expedita quia temporibus. Aut autem omnis aut et quia quis aut aut.', '2016-11-17 20:50:20', '2016-11-17 20:50:20'), ('119', '4', 'Est sunt quis id. Sunt et et deleniti omnis deleniti sed et sit. Quasi saepe ut laborum possimus velit.', '2016-11-17 20:51:20', '2016-11-17 20:51:20'), ('120', '4', 'Nostrum placeat aut in facere. Accusantium rerum dolorem esse ipsa enim et.', '2016-11-17 20:52:20', '2016-11-17 20:52:20'), ('121', '1', 'Boa tarde', '2016-11-19 18:52:42', '2016-11-19 18:52:42'), ('122', '2', 'Opa! Tudo certo?', '2016-11-19 18:52:51', '2016-11-19 18:52:51'), ('123', '1', 'Yeah!', '2016-11-19 18:53:03', '2016-11-19 18:53:03');
COMMIT;

-- ----------------------------
--  Table structure for `feed_users`
-- ----------------------------
DROP TABLE IF EXISTS `feed_users`;
CREATE TABLE `feed_users` (
  `id` int(10) unsigned NOT NULL AUTO_INCREMENT,
  `name` varchar(255) COLLATE utf8_unicode_ci NOT NULL,
  `username` varchar(255) COLLATE utf8_unicode_ci NOT NULL,
  `picture` varchar(255) COLLATE utf8_unicode_ci DEFAULT NULL,
  `created_at` timestamp NULL DEFAULT NULL,
  `updated_at` timestamp NULL DEFAULT NULL,
  PRIMARY KEY (`id`)
) ENGINE=InnoDB AUTO_INCREMENT=5 DEFAULT CHARSET=utf8 COLLATE=utf8_unicode_ci;

-- ----------------------------
--  Records of `feed_users`
-- ----------------------------
BEGIN;
INSERT INTO `feed_users` VALUES ('1', 'Daniel Ramos', 'danielramos', '/img/people/m1.png', '2016-11-19 18:52:20', '2016-11-19 18:52:20'), ('2', 'João da Silva', 'joao_silva', '/img/people/m2.png', '2016-11-19 18:52:20', '2016-11-19 18:52:20'), ('3', 'José Pereira', 'jose_pereira', '/img/people/m3.png', '2016-11-19 18:52:20', '2016-11-19 18:52:20'), ('4', 'Ana Maria', 'ana_maria', '/img/people/f1.png', '2016-11-19 18:52:20', '2016-11-19 18:52:20');
COMMIT;

-- ----------------------------
--  Table structure for `migrations`
-- ----------------------------
DROP TABLE IF EXISTS `migrations`;
CREATE TABLE `migrations` (
  `id` int(10) unsigned NOT NULL AUTO_INCREMENT,
  `migration` varchar(255) COLLATE utf8_unicode_ci NOT NULL,
  `batch` int(11) NOT NULL,
  PRIMARY KEY (`id`)
) ENGINE=InnoDB AUTO_INCREMENT=5 DEFAULT CHARSET=utf8 COLLATE=utf8_unicode_ci;

-- ----------------------------
--  Records of `migrations`
-- ----------------------------
BEGIN;
INSERT INTO `migrations` VALUES ('1', '2014_10_12_000000_create_users_table', '1'), ('2', '2014_10_12_100000_create_password_resets_table', '1'), ('3', '2016_11_18_021917_create_feed_users_table', '1'), ('4', '2016_11_18_021930_create_feed_messages_table', '1');
COMMIT;

-- ----------------------------
--  Table structure for `password_resets`
-- ----------------------------
DROP TABLE IF EXISTS `password_resets`;
CREATE TABLE `password_resets` (
  `email` varchar(255) COLLATE utf8_unicode_ci NOT NULL,
  `token` varchar(255) COLLATE utf8_unicode_ci NOT NULL,
  `created_at` timestamp NULL DEFAULT NULL,
  KEY `password_resets_email_index` (`email`),
  KEY `password_resets_token_index` (`token`)
) ENGINE=InnoDB DEFAULT CHARSET=utf8 COLLATE=utf8_unicode_ci;

-- ----------------------------
--  Table structure for `users`
-- ----------------------------
DROP TABLE IF EXISTS `users`;
CREATE TABLE `users` (
  `id` int(10) unsigned NOT NULL AUTO_INCREMENT,
  `name` varchar(255) COLLATE utf8_unicode_ci NOT NULL,
  `email` varchar(255) COLLATE utf8_unicode_ci NOT NULL,
  `password` varchar(255) COLLATE utf8_unicode_ci NOT NULL,
  `remember_token` varchar(100) COLLATE utf8_unicode_ci DEFAULT NULL,
  `created_at` timestamp NULL DEFAULT NULL,
  `updated_at` timestamp NULL DEFAULT NULL,
  PRIMARY KEY (`id`),
  UNIQUE KEY `users_email_unique` (`email`)
) ENGINE=InnoDB DEFAULT CHARSET=utf8 COLLATE=utf8_unicode_ci;

SET FOREIGN_KEY_CHECKS = 1;
